Workbook

Sheet Invoice
A1: =IF(Settings!B13="Yes","TAX INVOICE","INVOICE")
A2: =Settings!B2 | E2: Invoice number | F2: =Settings!B7&(Settings!B8+1)
A3: ="ABN: "&Settings!B3 | E3: Invoice date | F3: =TODAY()
A4: =Settings!B4&" | "&Settings!B5 | E4: Due date | F4: =F3+Settings!B9
A6: Bill to (provider) | B6: Provider name
A7: Client | B7: Client name (only on the copy sent to the provider)
A8: Client reference / ID | B8: 123456
A10: Date | B10: Service type | C10: What I did | D10: Hours | E10: Rate | F10: Amount
A11: 13/10/2026 | B11: Domestic assistance | C11: Kitchen, bathroom, vacuum and mop | D11: 2 | E11: =IF(D11="","",Settings!$B$6) | F11: =IF(D11="","",D11*E11)
A12: 15/10/2026 | B12: Social support | C12: Shopping trip and lunch in town | D12: 3 | E12: =IF(D12="","",Settings!$B$6) | F12: =IF(D12="","",D12*E12)
E13: =IF(D13="","",Settings!$B$6) | F13: =IF(D13="","",D13*E13)
E14: =IF(D14="","",Settings!$B$6) | F14: =IF(D14="","",D14*E14)
E15: =IF(D15="","",Settings!$B$6) | F15: =IF(D15="","",D15*E15)
E16: =IF(D16="","",Settings!$B$6) | F16: =IF(D16="","",D16*E16)
E17: =IF(D17="","",Settings!$B$6) | F17: =IF(D17="","",D17*E17)
E18: =IF(D18="","",Settings!$B$6) | F18: =IF(D18="","",D18*E18)
E19: =IF(D19="","",Settings!$B$6) | F19: =IF(D19="","",D19*E19)
E20: =IF(D20="","",Settings!$B$6) | F20: =IF(D20="","",D20*E20)
E21: =IF(D21="","",Settings!$B$6) | F21: =IF(D21="","",D21*E21)
E22: =IF(D22="","",Settings!$B$6) | F22: =IF(D22="","",D22*E22)
E23: =IF(D23="","",Settings!$B$6) | F23: =IF(D23="","",D23*E23)
E24: =IF(D24="","",Settings!$B$6) | F24: =IF(D24="","",D24*E24)
E25: =IF(D25="","",Settings!$B$6) | F25: =IF(D25="","",D25*E25)
E27: Total due | F27: =SUM(F11:F25)
A29: =IF(Settings!B13="Yes","Total includes GST where applicable.","No GST has been charged. Not registered for GST.")
A31: ="Pay by bank transfer to: "&Settings!B10&" BSB "&Settings!B11&" Account "&Settings!B12
A32: ="Please use "&F2&" as the payment reference."

Sheet Settings
A1: Setting | B1: Your value | C1: Notes
A2: Business name | B2: Your Name | C2: Your own name, or your registered business name
A3: ABN | B3: 00 000 000 000
A4: Phone | B4: 04xx xxx xxx
A5: Email | B5: you.business@gmail.com
A6: Hourly rate | B6: 60 | C6: Default rate, dollars
A7: Invoice prefix | B7: JC- | C7: Your initials and a dash
A8: Last invoice number used | B8: 1000 | C8: Add 1 to this after you send each invoice
A9: Payment terms (days) | B9: 14
A10: Account name | B10: Your Name
A11: BSB | B11: 000-000
A12: Account number | B12: 00000000
A13: Registered for GST? | B13: No | C13: Leave as No unless you have registered

Sheet Timesheet
A1: Date | B1: Client code | C1: Start | D1: Finish | E1: Hours | F1: Service type | G1: What I did | H1: Km (if agreed) | I1: Invoice number
A2: 13/10/2026 | B2: Client A | C2: 09:00 | D2: 11:00 | E2: =IF(OR(C2="",D2=""),"",ROUND((TIMEVALUE(D2)-TIMEVALUE(C2))*24,2)) | F2: Domestic assistance | G2: Kitchen, bathroom, vacuum and mop
A3: 15/10/2026 | B3: Client A | C3: 10:00 | D3: 13:00 | E3: =IF(OR(C3="",D3=""),"",ROUND((TIMEVALUE(D3)-TIMEVALUE(C3))*24,2)) | F3: Social support | G3: Shopping trip and lunch in town
E4: =IF(OR(C4="",D4=""),"",ROUND((TIMEVALUE(D4)-TIMEVALUE(C4))*24,2))
E5: =IF(OR(C5="",D5=""),"",ROUND((TIMEVALUE(D5)-TIMEVALUE(C5))*24,2))
E6: =IF(OR(C6="",D6=""),"",ROUND((TIMEVALUE(D6)-TIMEVALUE(C6))*24,2))
E7: =IF(OR(C7="",D7=""),"",ROUND((TIMEVALUE(D7)-TIMEVALUE(C7))*24,2))
E8: =IF(OR(C8="",D8=""),"",ROUND((TIMEVALUE(D8)-TIMEVALUE(C8))*24,2))
E9: =IF(OR(C9="",D9=""),"",ROUND((TIMEVALUE(D9)-TIMEVALUE(C9))*24,2))
E10: =IF(OR(C10="",D10=""),"",ROUND((TIMEVALUE(D10)-TIMEVALUE(C10))*24,2))
E11: =IF(OR(C11="",D11=""),"",ROUND((TIMEVALUE(D11)-TIMEVALUE(C11))*24,2))
E12: =IF(OR(C12="",D12=""),"",ROUND((TIMEVALUE(D12)-TIMEVALUE(C12))*24,2))
E13: =IF(OR(C13="",D13=""),"",ROUND((TIMEVALUE(D13)-TIMEVALUE(C13))*24,2))
E14: =IF(OR(C14="",D14=""),"",ROUND((TIMEVALUE(D14)-TIMEVALUE(C14))*24,2))
E15: =IF(OR(C15="",D15=""),"",ROUND((TIMEVALUE(D15)-TIMEVALUE(C15))*24,2))
... E200: =IF(OR(C200="",D200=""),"",ROUND((TIMEVALUE(D200)-TIMEVALUE(C200))*24,2))
